FECHA_UTC,ESTE,NORTE,VERTICAL
20231001,0.0,0.0,0.0
20231002,-0.17,-0.24,0.03
20231003,-0.25,-0.1,-0.18
20231004,0.01,-0.12,-0.25
20231005,-0.33,-0.34,0.32
20231006,-0.12,-0.15,-0.31
20231007,-0.17,-0.24,-0.34
20231008,0.01,-0.31,0.41
20231009,-0.24,-0.35,0.45
20231010,-0.01,-0.28,0.12
20231011,0.11,-0.23,-0.48
20231012,0.04,-0.27,-0.02
20231013,-0.09,-0.48,0.32
20231014,-0.04,-0.27,0.09
20231015,-0.21,-0.22,-0.28
20231016,0.19,-0.28,0.07
20231017,0.09,-0.37,0.35
20231018,0.01,-0.41,0.58
20231019,0.01,-0.36,0.22
20231020,-0.05,-0.38,-0.04
20231021,0.18,-0.23,-1.01
20231022,0.03,-0.26,0.0
20231023,0.06,-0.27,-0.17
20231024,0.04,-0.49,-0.39
20231025,0.12,-0.35,-0.36
20231026,0.09,-0.43,0.18
20231027,0.2,-0.28,0.25
20231028,-0.01,-0.55,-0.37
20231029,-0.03,-0.46,0.45
20231030,-0.08,-0.51,0.2
20231031,0.03,-0.44,0.25
20231101,-0.09,-0.47,0.47
20231102,0.01,-0.38,0.06
20231103,0.07,-0.29,0.39
20231104,-0.01,-0.29,0.84
20231105,0.1,-0.31,0.03
20231106,0.04,-0.37,0.79
20231107,-0.1,-0.34,-0.12
20231108,-0.1,-0.29,-0.88
20231109,-0.01,-0.28,-0.39
20231110,0.11,-0.27,-0.08
20231111,0.08,-0.43,0.33
20231112,-0.06,-0.49,0.21
20231113,-0.22,-0.37,0.2
20231114,0.07,-0.31,-0.07
20231115,0.1,-0.44,0.36
20231116,-0.07,-0.37,0.09
20231117,-0.15,-0.3,0.18
20231118,0.04,-0.41,0.23
20231119,0.02,-0.16,-0.19
20231120,0.05,-0.36,0.34
20231121,0.01,-0.34,-0.59
20231122,0.06,-0.41,0.07
20231123,0.06,-0.22,0.27
20231124,0.01,-0.72,0.4
20231125,0.07,-0.43,-0.65
20231126,0.13,-0.45,0.18
20231127,-0.01,-0.5,0.01
20231128,-0.02,-0.39,0.02
20231129,0.14,-0.48,0.05
20231130,0.04,-0.56,0.82
20231201,0.26,-0.28,0.34
20231202,0.19,-0.34,0.13
20231203,0.06,-0.49,0.1
20231204,-0.06,-0.46,-0.02
20231205,0.04,-0.63,0.07
20231206,0.06,-0.43,-0.05
20231207,0.05,-0.67,0.12
20231208,0.18,-0.59,-0.13
20231209,0.06,-0.41,-0.03
20231210,0.15,-0.44,0.28
20231211,0.05,-0.5,0.06
20231212,0.03,-0.41,-0.05
20231213,-0.04,-0.18,-0.06
20231214,0.11,-0.56,0.6
20231215,0.15,-0.5,-0.07
20231216,0.07,-0.34,-0.32
20231217,0.02,-0.43,0.69
20231218,0.02,-0.45,-0.28
20231219,0.15,-0.63,-0.47
20231220,0.06,-0.35,0.08
20231221,0.1,-0.44,0.07
20231222,0.16,-0.38,0.69
20231223,0.2,-0.72,0.02
20231224,0.12,-0.57,0.5
20231225,0.12,-0.58,0.42
20231226,0.21,-0.5,0.35
20231227,0.01,-0.29,-0.89
20231228,0.16,-0.28,-0.14
20231229,-0.04,-0.41,0.25
20231230,0.01,-0.38,0.49
20231231,0.02,-0.15,0.02
20240101,0.15,-0.4,0.23
20240102,0.15,-0.43,0.02
20240103,0.17,-0.27,-0.26
20240104,0.04,-0.18,-0.93
20240105,-0.03,-0.35,0.17
20240106,0.26,-0.51,0.41
20240107,0.08,-0.29,-0.04
20240108,-0.01,-0.32,0.29
20240109,-0.02,-0.39,0.14
20240110,0.08,-0.26,-0.65
20240111,-0.06,-0.51,1.09
20240112,0.27,-0.58,0.22
20240113,0.22,-0.47,0.04
20240114,0.05,-0.3,0.2
20240115,0.26,-0.51,0.87
20240116,0.07,-0.48,-1.03
20240117,0.36,-0.35,-0.01
20240118,0.13,-0.4,-1.07
20240119,-0.19,-0.23,-1.16
20240120,0.41,-0.46,-0.14
20240121,0.21,-0.31,-0.23
20240122,-0.15,-0.27,-0.12
20240123,-0.13,-0.23,0.49
20240124,-0.08,-0.33,-0.02
20240125,0.24,-0.51,0.51
20240126,0.1,-0.4,-0.05
20240127,-0.18,-0.5,0.03
20240128,-0.08,-0.43,0.29
20240129,0.11,-0.59,0.67
20240130,-0.37,-0.81,0.23
20240131,0.19,-0.43,-0.14
20240201,0.04,-0.56,0.24
20240202,0.33,-0.63,0.29
20240203,0.14,-0.69,0.38
20240204,0.1,-0.48,0.58
20240205,-0.63,-0.94,-0.62
20240206,-0.37,-0.71,-0.12
20240207,-0.53,-0.7,0.06
20240208,0.21,-0.62,0.22
20240209,0.25,-0.58,-0.25
20240210,-0.57,-0.94,0.44
20240211,-0.59,-1.0,-0.08
20240212,0.3,-0.58,0.08
20240213,-0.45,-1.22,0.46
20240214,-0.2,-1.02,0.37
20240215,0.32,-0.52,-0.07
20240216,0.03,-0.44,-1.02
20240217,0.08,-0.48,-0.16
20240218,0.12,-0.18,-0.62
20240219,0.16,-0.37,-0.27
20240220,0.13,-0.42,0.73
20240221,0.11,-0.42,0.45
20240222,0.17,-0.49,-0.14
20240223,-0.12,-0.57,-0.11
20240224,0.21,-0.36,-0.4
20240225,-0.19,-0.3,-0.42
20240226,-0.32,-0.33,-0.21
20240227,0.41,-0.47,-0.16
20240228,-0.1,-0.28,-0.09
20240229,-0.32,-0.56,-0.09
20240301,0.2,-0.02,-0.99
20240302,0.04,-0.2,-0.11
20240303,0.11,-0.49,0.26
20240304,-0.1,-0.56,-0.14
20240305,-0.15,-0.61,-0.61
20240314,-1.07,0.03,-2.93
20240503,-0.22,-0.41,-0.23
20240504,0.07,-0.28,-0.15
20240505,0.06,-0.13,-0.4
20240506,0.07,-0.32,-0.08
20240507,0.25,-0.18,-0.39
20240508,0.11,-0.23,-0.56
20240509,0.05,-0.2,-0.28
20240510,-0.07,-0.14,-0.6
20240511,-0.07,-0.26,0.13
20240512,0.07,-0.14,-0.07
20240513,-0.03,-0.08,-0.45
20240514,-0.22,-0.25,-0.54
20240515,0.15,-0.27,-0.13
20240516,0.16,-0.2,-0.11
20240517,0.01,-0.14,-0.39
20240518,0.06,-0.16,0.05
20240519,0.08,-0.11,-0.53
20240520,0.13,-0.31,-0.22
20240521,0.24,-0.07,-0.44
20240522,0.2,-0.17,-0.49
20240523,0.05,-0.18,-0.3
20240524,0.17,-0.18,-0.72
20240525,0.11,-0.1,-0.22
20240526,0.29,-0.31,-0.81
20240527,0.28,-0.23,-0.42
20240528,0.23,-0.2,-0.17
20240529,0.26,-0.08,-0.51
20240530,0.28,-0.1,-0.54
20240531,0.32,-0.03,-0.53
20240601,0.21,-0.06,-0.53
20240602,0.14,-0.06,-0.75
20240603,0.1,-0.1,-0.86
20240604,0.32,-0.15,-0.72
20240605,0.25,-0.02,-0.97
20240606,0.0,-0.17,-0.54
20240607,0.19,-0.02,-0.98
20240608,0.21,-0.08,-0.79
20240609,0.0,-0.23,-0.64
20240610,0.27,-0.17,-0.65
20240611,0.16,-0.21,-0.92
20240612,0.22,-0.1,-0.8
20240613,0.02,-0.1,-0.38
20240614,-0.16,-0.35,-0.84
20240615,-0.03,-0.34,-1.09
20240616,-0.23,-0.39,-0.62
20240617,-0.16,-0.44,-0.26
20240618,0.06,-0.17,-0.77
20240619,-0.21,-0.29,-0.83
20240620,-0.25,-0.37,-0.77
20240621,-0.25,-0.42,-1.06
20240622,0.19,-0.33,-0.65
20240623,0.14,-0.4,-0.96
20240624,-0.02,-0.32,-0.72
20240625,0.12,-0.26,-0.7
20240626,-0.12,-0.37,-0.63
20240627,0.01,-0.38,-0.65
20240628,-0.12,-0.32,-0.77
20240629,-0.03,-0.36,-0.92
20240630,0.05,-0.2,-0.44
20240701,0.19,-0.25,-0.57
20240702,0.03,-0.22,-0.45
20240703,-0.04,-0.28,-0.51
20240704,0.03,-0.28,-0.45
20240705,-0.07,-0.3,-0.59
20240706,-0.13,-0.4,-0.58
20240707,0.12,-0.48,-0.35
20240708,-0.08,-0.37,-0.6
20240709,-0.03,-0.42,-0.66
20240710,0.02,-0.49,-0.75
20240711,-0.1,-0.46,-0.55
20240712,-0.14,-0.37,-0.59
20240713,-0.08,-0.31,-1.07
20240714,-0.07,-0.35,-0.54
20240715,-0.02,-0.21,-0.68
20240716,0.05,-0.24,-0.78
20240717,0.1,-0.1,-0.87
20240718,0.13,-0.26,-0.46
20240719,0.02,-0.2,-0.77
20240720,-0.05,-0.35,-0.2
20240721,0.06,-0.33,-0.67
20240722,0.04,-0.52,-0.44
20240723,-0.21,-0.29,-0.41
20240724,0.01,-0.34,-0.82
20240725,0.08,-0.18,-0.59
20240726,-0.05,-0.3,-0.69
20240727,-0.16,-0.25,-0.86
20240728,-0.07,-0.25,-0.92
20240729,0.05,-0.17,-0.78
20240730,0.0,-0.21,-0.73
20240731,-0.22,-0.21,-0.5
20240801,-0.11,-0.24,-0.7
20240802,-0.03,-0.27,-0.47
20240803,-0.08,-0.21,-0.75
20240804,-0.12,-0.27,-0.19
20240805,-0.13,-0.28,-0.44
20240806,-0.31,-0.3,-0.61
20240807,-0.27,-0.38,-0.45
20240808,-0.16,-0.3,-0.46
20240809,-0.02,-0.28,-0.54
20240810,-0.01,-0.24,-0.76
20240811,0.08,-0.23,-0.43
20240812,-0.16,-0.24,-1.08
20240813,-0.14,-0.26,-0.6
20240814,-0.01,-0.29,-0.58
20240815,-0.16,-0.15,-0.86
20240816,0.02,-0.18,-0.75
20240817,-0.16,-0.16,-0.35
20240818,-0.06,-0.08,-0.63
20240819,-0.05,-0.08,-0.54
20240820,-0.12,-0.15,-0.32
20240821,-0.19,-0.25,-0.52
20240822,-0.21,-0.42,-0.42
20240823,-0.13,-0.17,-0.33
20240824,-0.15,-0.16,-0.21
20240825,-0.01,-0.19,-0.37
20240826,-0.04,-0.15,-0.45
20240827,-0.03,-0.25,-0.57
20240828,-0.03,-0.21,-0.95
20240829,-0.19,-0.25,-0.37
20240830,-0.16,-0.28,-0.25
20240831,-0.06,-0.38,-0.42
20240901,0.07,-0.26,-0.48
20240902,-0.02,-0.25,-0.44
20240903,0.03,-0.22,-0.42
20240904,0.05,-0.23,-0.22
20240905,0.04,-0.27,-0.86
20240906,-0.02,-0.32,-0.14
20240907,-0.25,-0.22,-0.69
20240908,0.01,-0.11,-0.78
20240909,-0.03,-0.11,-0.87
20240910,-0.06,-0.18,-0.81
20240911,-0.03,-0.17,-0.31
20240912,-0.09,-0.22,-0.67
20240913,-0.03,-0.23,-0.88
20240914,-0.05,-0.3,-1.22
20240915,-0.18,-0.2,-0.55
20240916,0.03,-0.29,-0.3
20240917,-0.16,-0.3,-1.0
20240918,0.12,-0.11,-0.95
20240919,-0.01,-0.26,-0.96
20240920,-0.18,-0.19,-0.49
20240921,-0.07,-0.17,-1.0
20240922,-0.19,-0.22,-0.72
20240923,-0.09,-0.21,-0.53
20240924,0.0,-0.17,-0.58
20240925,-0.17,-0.21,-0.97
20240926,-0.07,-0.28,-0.64
20240927,-0.02,-0.18,-0.51
20240928,-0.17,-0.25,-0.86
20240929,-0.18,-0.23,-0.73
20240930,-0.06,-0.22,-0.54
20241001,0.04,-0.23,-1.19
20241002,0.03,-0.21,-0.66
20241003,-0.1,-0.33,-0.87
20241004,0.12,-0.31,-0.65
20241005,-0.16,-0.12,-0.92
20241006,-0.13,-0.18,-0.48
20241007,-0.07,-0.12,-1.16
20241008,-0.02,-0.34,-0.63
20241009,-0.1,-0.15,-0.38
20241010,-0.1,-0.54,-0.53
20241011,-0.18,-0.3,-0.37
20241012,-0.1,-0.28,-0.43
20241013,-0.14,-0.23,-1.34
20241014,-0.02,-0.47,-0.74
20241015,-0.05,-0.44,-0.46
20241016,-0.1,-0.22,-0.94
20241017,-0.09,-0.3,-0.48
20241018,-0.07,-0.34,-0.8
20241019,-0.08,-0.36,-0.29
20241020,0.06,-0.33,-0.66
20241021,-0.08,-0.31,-0.25
20241022,-0.12,-0.29,-0.5
20241023,-0.07,-0.27,-0.54
20241024,-0.09,-0.41,-0.47
20241025,-0.02,-0.41,-0.17
20241026,-0.06,-0.4,-0.03
20241027,0.02,-0.33,-0.68
20241028,-0.09,-0.35,-0.34
20241029,-0.04,-0.42,-0.82
20241030,-0.03,-0.45,-0.73
20241031,-0.18,-0.42,-0.93
20241101,0.05,-0.36,-0.14
20241102,-0.04,-0.36,-0.29
20241103,-0.03,-0.4,-0.65
20241104,-0.11,-0.27,-0.69
20241105,-0.09,-0.26,-0.27
20241106,-0.03,-0.26,-0.74
20241107,0.15,-0.48,-0.58
20241108,-0.12,-0.38,-0.66
20241109,-0.02,-0.63,-0.18
20241110,0.09,-0.39,-0.63
20241111,-0.16,-0.32,-0.85
20241112,-0.02,-0.44,-0.14
20241113,-0.06,-0.43,-0.33
20241114,-0.14,-0.5,-1.26
20241115,-0.17,-0.52,-0.89
20241116,-0.1,-0.45,0.27
20241117,-0.06,-0.49,-0.47
20241118,-0.03,-0.37,-0.31
20241119,-0.13,-0.4,-0.22
20241120,0.03,-0.45,-0.36
20241121,0.06,-0.44,-0.29
20241122,0.09,-0.31,-0.48
20241123,0.03,-0.34,-0.94
20241124,-0.16,-0.32,-0.33
20241125,-0.01,-0.37,-0.9
20241126,-0.11,-0.56,-1.19
20241127,-0.08,-0.8,-0.16
20241128,-0.15,-0.37,-0.48
20241129,-0.14,-0.45,-0.9
20241130,-0.03,-0.44,-0.61
20241201,0.05,-0.46,-0.65
20241202,-0.02,-0.26,-0.6
20241203,0.06,-0.54,-1.09
20241204,-0.02,-0.27,-0.13
20241205,0.0,-0.14,0.03
20241206,-0.08,-0.32,-0.76
20241207,0.04,-0.32,-0.67
20241208,0.03,-0.45,-1.09
20241209,-0.07,-0.23,-1.04
20241210,0.1,-0.34,-0.53
20241211,0.11,-0.21,-0.72
20241212,0.05,-0.2,-0.95
20241213,-0.08,-0.13,-0.94
20241214,-0.16,-0.13,-0.29
20241217,0.15,-0.25,-0.78
20241218,-0.22,-0.19,-1.33
20241219,0.12,-0.3,-0.7
20241220,-0.05,-0.26,0.31
20241221,0.03,-0.3,-0.11
20241222,0.0,-0.18,-0.69
20241223,-0.18,-0.25,-0.23
20241224,0.09,-0.19,-0.18
20241225,0.01,-0.24,-0.12
20241226,-0.07,-0.29,0.2
20241227,-0.18,-0.35,-0.04
20241228,0.1,-0.34,-0.1
20241229,0.01,-0.26,-0.19
20241230,-0.09,-0.29,-0.24
20241231,-0.02,-0.37,-0.77
20250101,0.06,-0.36,0.06
20250102,-0.08,-0.08,-0.34
20250103,0.12,-0.1,-0.35
20250104,0.06,-0.2,-0.66
20250105,-0.01,-0.13,-0.74
20250106,0.04,-0.27,-0.17
20250107,-0.01,-0.43,-0.24
20250108,0.08,-0.39,-0.57
20250109,0.02,-0.38,-0.44
20250110,-0.01,-0.19,-0.44
20250111,0.09,-0.4,0.05
20250112,0.04,-0.51,-0.02
20250113,0.04,-0.39,0.15
20250114,0.01,-0.45,-0.19
20250115,0.01,-0.46,-0.04
20250116,0.25,-0.42,0.33
20250117,0.03,-0.35,-0.14
20250118,0.09,-0.36,-0.16
20250119,0.1,-0.28,-0.05
20250120,0.1,-0.31,-0.17
20250121,0.17,-0.37,-0.34
20250122,0.19,-0.37,0.09
20250123,0.19,-0.23,-0.06
20250124,0.39,-0.36,0.24
20250125,0.28,-0.38,0.36
20250126,0.28,-0.37,-0.58
20250127,0.04,-0.24,-0.6
20250128,0.3,-0.35,-0.58
20250129,0.28,-0.11,-0.99
20250130,0.21,-0.4,0.08
20250131,0.29,-0.33,-0.2
20250201,0.21,-0.29,0.45
20250202,0.13,-0.34,0.14
20250203,0.03,-0.35,-0.13
20250204,0.02,-0.3,-0.03
20250205,0.0,-0.36,0.09
20250206,0.2,-0.37,0.93
20250207,-0.03,-0.16,-0.47
20250208,0.28,-0.16,0.02
20250209,0.31,-0.15,0.06
20250210,0.08,-0.08,-0.48
20250211,0.07,-0.05,-0.45
20250212,0.2,-0.23,-0.35
20250213,0.14,-0.17,-0.91
20250214,0.01,-0.09,-1.19
20250215,0.29,-0.31,-0.55
20250216,0.12,-0.37,-1.05
20250217,0.15,-0.12,-0.65
20250218,0.13,-0.34,-0.86
20250219,0.2,-0.15,-0.8
20250220,0.21,-0.49,0.07
20250221,0.34,-0.17,-1.23
20250222,0.24,-0.19,-1.14
20250223,0.24,-0.28,-0.17
20250224,0.04,-0.31,0.19
20250225,0.14,-0.33,-0.52
20250226,0.13,-0.5,-0.53
20250227,-0.01,-0.28,-0.76
20250228,0.12,-0.33,-0.67
20250301,0.28,-0.48,-0.37
20250302,0.21,-0.32,-1.04
20250303,0.41,-0.37,-0.73
20250304,0.41,-0.31,-0.23
20250305,0.15,-0.27,-0.52
20250306,0.19,-0.34,-0.75
20250307,0.14,-0.23,-1.42
20250308,0.24,-0.3,-0.38
20250309,0.14,-0.35,-0.7
20250310,0.01,-0.3,-0.75
20250311,0.12,-0.41,-0.91
20250312,0.29,-0.38,-0.59
20250313,0.04,-0.39,-0.09
20250314,0.21,-0.23,-0.5
20250315,0.14,-0.35,-0.35
20231001,0.0,0.0,0.0
20231002,-0.08,-0.4,1.02
20231003,-0.26,-0.18,0.21
20231004,0.13,-0.2,0.46
20231005,-0.19,-0.41,0.99
20231006,-0.01,-0.2,0.04
20231007,-0.23,-0.43,0.01
20231008,-0.06,-0.44,1.28
20231009,0.17,-0.45,0.81
20231010,0.23,-0.45,0.87
20231011,0.08,-0.25,0.47
20231012,0.03,-0.28,1.28
20231013,-0.04,-0.38,0.6
20231014,0.2,-0.23,1.05
20231015,0.12,-0.32,0.96
20231016,0.15,-0.34,0.69
20231017,0.61,-0.17,0.82
20231018,0.38,-0.18,1.29
20231019,0.27,-0.11,0.99
20231020,0.15,-0.26,0.68
20231021,0.12,-0.22,-0.06
20231022,0.15,-0.12,0.3
20231023,0.12,-0.33,0.01
20231024,0.11,-0.55,0.93
20231025,0.45,-0.54,1.2
20231026,0.31,-0.33,1.11
20231027,0.37,-0.39,1.74
20231028,0.16,-0.58,0.29
20231029,0.1,-0.39,1.24
20231030,0.01,-0.74,1.52
20231031,0.24,-0.38,1.37
20231101,0.17,-0.5,1.32
20231102,0.26,-0.44,1.02
20231103,0.3,-0.3,1.18
20231104,0.33,-0.25,0.92
20231105,0.18,-0.39,1.1
20231106,0.19,-0.31,0.85
20231107,0.2,-0.35,0.7
20231108,0.27,-0.37,0.72
20231109,0.01,-0.41,0.01
20231110,-0.08,-0.29,0.3
20231111,0.56,-0.15,1.35
20231112,0.13,-0.43,0.57
20231113,0.27,-0.5,0.31
20231114,0.27,-0.23,1.02
20231115,0.35,-0.54,0.86
20231116,0.23,-0.31,1.01
20231117,0.07,-0.33,1.06
20231118,0.4,-0.42,1.13
20231119,0.18,-0.23,0.71
20231120,0.24,-0.41,1.02
20231121,0.19,-0.47,0.92
20231122,0.31,-0.44,1.18
20231123,0.22,-0.35,0.98
20231124,0.42,-0.69,1.17
20231125,0.3,-0.4,0.9
20231126,0.3,-0.45,0.73
20231127,0.07,-0.57,1.06
20231128,0.28,-0.52,1.48
20231129,0.21,-0.48,1.02
20231130,0.33,-0.52,0.85
20231201,0.5,-0.39,0.76
20231202,0.41,-0.54,1.09
20231203,0.22,-0.5,1.16
20231204,0.01,-0.46,0.78
20231205,0.5,-0.56,0.73
20231206,0.26,-0.49,0.82
20231207,0.42,-0.62,0.76
20231208,0.57,-0.32,0.37
20231209,0.32,-0.24,0.43
20231210,0.42,-0.4,1.24
20231211,0.33,-0.49,0.96
20231212,0.22,-0.43,0.78
20231213,0.28,-0.27,0.59
20231214,0.44,-0.29,-0.14
20231215,0.45,-0.52,1.08
20231216,0.23,-0.37,1.07
20231217,0.29,-0.4,1.15
20231218,0.2,-0.51,0.28
20231219,0.3,-0.69,0.4
20231220,0.38,-0.43,0.89
20231221,0.45,-0.46,1.45
20231222,0.5,-0.25,1.48
20231223,0.48,-0.6,2.0
20231224,0.48,-0.42,1.59
20231225,0.45,-0.43,1.51
20231226,0.45,-0.45,1.5
20231227,0.3,-0.25,0.32
20231228,0.44,-0.1,-0.01
20231229,0.33,-0.25,0.25
20231230,0.41,-0.38,1.12
20231231,0.54,-0.14,1.48
20240101,0.48,-0.32,0.57
20240102,0.49,-0.33,1.34
20240103,0.56,-0.53,1.07
20240104,0.37,-0.18,0.64
20240105,0.34,-0.28,0.38
20240106,0.25,-0.47,1.28
20240107,0.52,-0.21,0.74
20240108,0.52,-0.23,1.55
20240109,0.37,-0.37,1.3
20240110,0.41,-0.37,1.06
20240111,0.43,-0.49,1.86
20240112,0.62,-0.55,1.35
20240113,0.51,-0.42,1.58
20240114,0.54,-0.46,0.82
20240115,0.64,-0.26,1.81
20240116,0.35,-0.35,0.48
20240117,0.59,-0.28,1.15
20240118,0.35,-0.22,-0.91
20240119,0.25,-0.1,-0.22
20240120,0.64,-0.16,0.86
20240121,0.52,-0.29,0.93
20240122,0.15,-0.24,0.43
20240123,0.53,-0.3,1.02
20240124,0.31,-0.33,0.68
20240125,0.76,-0.52,1.82
20240126,0.55,-0.36,0.72
20240127,0.5,-0.53,1.15
20240128,0.4,-0.32,1.06
20240129,0.3,-0.75,1.46
20240130,-0.07,-0.78,1.56
20240131,0.63,-0.32,1.06
20240201,0.4,-0.19,0.41
20240202,0.62,-0.51,1.7
20240203,0.59,-0.21,0.76
20240204,0.52,-0.51,1.46
20240205,-0.44,-0.93,1.55
20240206,-0.17,-0.95,1.0
20240207,-0.2,-0.74,1.58
20240208,0.56,-0.61,1.23
20240209,0.73,-0.32,1.55
20240210,-0.37,-1.04,2.25
20240211,-0.45,-1.04,1.19
20240212,0.77,-0.15,0.17
20240213,0.18,-0.71,1.55
20240214,0.34,-0.82,0.68
20240215,0.46,-0.25,0.79
20240216,0.39,-0.36,-0.29
20240217,0.34,-0.37,0.3
20240218,0.58,-0.16,0.09
20240219,0.54,-0.33,0.97
20240220,0.74,-0.38,1.66
20240221,0.52,-0.4,0.48
20240222,0.5,-0.49,1.52
20240223,0.2,-0.58,1.11
20240224,0.51,-0.33,0.13
20240225,0.11,-0.34,-1.06
20240226,0.31,-0.24,0.63
20240227,0.62,-0.31,0.75
20240228,0.56,-0.17,0.07
20240229,-0.11,-0.43,1.13
20240301,0.5,0.0,0.71
20240302,0.62,-0.26,1.29
20240303,0.46,-0.46,-0.36
20240304,0.47,-0.43,0.73
20240305,0.26,-0.25,0.35
20240306,-0.11,-0.63,0.44
20240307,0.31,-0.5,0.5
20240308,0.23,-0.57,1.56
20240309,0.52,-0.56,0.58
20240310,0.45,-0.51,1.47
20240311,0.19,-0.35,0.82
20240312,0.44,-0.17,0.81
20240313,0.44,-0.36,1.03
20240314,0.34,-0.41,0.08
20240315,0.25,-0.32,1.13
20240316,0.01,-0.68,0.42
20240317,0.08,-0.66,0.68
20240318,0.15,-0.39,-0.01
20240319,0.18,-0.52,0.5
20240320,0.29,-0.64,1.09
20240321,0.07,-0.39,1.31
20240322,-0.14,-0.74,1.46
20240323,0.5,-0.36,0.92
20240324,0.38,-0.62,1.55
20240325,0.81,-0.32,0.22
20240326,-0.05,-0.63,0.77
20240327,0.18,-0.58,0.84
20240328,0.05,-0.33,0.44
20240329,0.13,-0.37,0.6
20240330,0.59,-0.53,0.8
20240331,0.26,-0.48,1.44
20240401,0.29,-0.45,1.49
20240402,0.42,-0.53,1.47
20240403,0.37,-0.29,1.42
20240404,0.49,-0.31,0.17
20240405,0.33,-0.32,0.26
20240406,0.56,-0.49,0.87
20240407,0.41,-0.6,1.45
20240408,0.82,-0.38,1.5
20240409,-0.21,-0.52,1.47
20240410,0.36,-0.47,1.01
20240411,0.35,-0.32,1.41
20240412,0.55,-0.34,1.9
20240413,0.66,-0.36,1.35
20240414,0.61,-0.43,1.6
20240415,0.56,-0.05,0.98
20240416,0.25,-0.42,1.57
20240417,0.57,-0.25,1.11
20240418,0.02,-0.3,1.42
20240419,0.0,-0.46,1.37
20240420,0.67,-0.19,1.16
20240421,0.9,-0.15,1.45
20240422,0.89,-0.31,0.99
20240423,0.22,-0.31,0.41
20240424,0.84,-0.22,1.62
20240425,0.56,-0.23,1.2
20240426,0.55,-0.38,1.55
20240427,0.7,-0.32,1.31
20240428,0.45,-0.25,1.19
20240429,0.36,-0.22,1.39
20240430,0.6,-0.09,0.74
20240501,0.23,-0.48,1.15
20240502,-0.01,-0.31,1.38
20240503,0.19,-0.55,1.63
20240504,0.55,-0.39,1.74
20240505,0.46,-0.23,1.93
20240506,0.27,-0.62,2.03
20240507,0.79,-0.19,1.34
20240508,0.39,-0.33,1.09
20240509,0.44,-0.25,1.09
20240510,0.36,-0.27,1.53
20240511,0.45,-0.33,1.81
20240512,0.57,-0.29,1.9
20240513,0.68,0.12,1.62
20240514,0.12,-0.4,1.31
20240515,0.71,-0.26,1.7
20240516,0.8,-0.3,2.0
20240517,0.54,-0.35,1.13
20240518,0.65,0.06,1.53
20240519,0.33,-0.01,0.92
20240520,0.42,-0.22,1.0
20240521,0.66,0.01,1.5
20240522,0.5,0.04,1.11
20240523,0.63,-0.09,1.58
20240524,0.47,-0.07,1.31
20240525,0.52,0.02,1.04
20240526,0.78,-0.11,1.21
20240527,0.75,-0.08,1.63
20240528,0.59,-0.2,1.8
20240529,0.61,-0.15,1.76
20240530,0.83,-0.05,2.0
20240531,0.7,0.01,1.84
20240601,0.51,-0.03,1.54
20240602,0.64,-0.04,2.06
20240603,0.49,-0.22,1.64
20240604,0.78,-0.22,1.67
20240605,0.54,-0.16,1.47
20240606,0.12,-0.36,1.56
20240607,0.41,-0.18,1.7
20240608,0.58,-0.28,1.77
20240609,0.37,-0.37,1.73
20240610,0.75,-0.19,1.93
20240611,0.58,-0.14,1.85
20240612,0.64,-0.18,1.89
20240613,0.23,-0.27,1.82
20240614,0.14,-0.51,1.84
20240615,0.38,-0.44,1.92
20240616,-0.07,-0.32,1.46
20240617,0.13,-0.5,1.27
20240618,0.8,-0.16,1.8
20240619,0.18,-0.56,1.62
20240620,0.14,-0.62,1.82
20240621,0.32,-0.75,1.52
20240622,0.56,-0.49,2.38
20240623,0.4,-0.5,1.62
20240624,0.49,-0.4,1.88
20240625,0.53,-0.34,1.47
20240626,0.24,-0.43,1.52
20240627,0.34,-0.5,1.38
20240628,0.31,-0.44,2.15
20240629,0.16,-0.36,1.47
20240630,0.37,-0.2,1.69
20240701,0.38,-0.4,1.96
20240702,0.37,-0.37,1.66
20240703,0.14,-0.52,1.76
20240704,0.34,-0.39,2.24
20240705,0.13,-0.44,2.14
20240706,0.21,-0.48,1.84
20240707,0.36,-0.44,1.79
20240708,0.48,-0.36,1.82
20240709,0.48,-0.46,1.78
20240710,0.41,-0.65,1.95
20240711,0.29,-0.58,2.2
20240712,0.46,-0.52,1.97
20240713,0.4,-0.47,1.37
20240714,0.52,-0.45,1.93
20240715,0.37,-0.42,1.34
20240716,0.18,-0.35,1.77
20240717,0.48,-0.42,2.09
20240718,0.33,-0.49,1.69
20240719,0.32,-0.57,1.52
20240720,0.38,-0.68,1.69
20240721,0.36,-0.86,1.93
20240722,0.3,-0.92,1.39
20240723,0.19,-0.64,1.43
20240724,0.34,-0.58,1.38
20240725,0.65,-0.47,2.04
20240726,0.22,-0.6,1.46
20240727,0.18,-0.53,1.79
20240728,0.09,-0.56,1.44
20240729,0.33,-0.44,1.41
20240730,0.02,-0.66,1.43
20240731,0.05,-0.54,2.26
20240801,0.09,-0.72,2.2
20240802,0.08,-0.6,1.6
20240803,0.26,-0.52,1.82
20240804,0.21,-0.44,1.65
20240805,0.3,-0.64,1.42
20240806,0.16,-0.54,1.58
20240807,0.23,-0.59,1.71
20240808,0.12,-0.62,1.47
20240809,0.31,-0.76,1.38
20240810,0.17,-0.48,1.67
20240811,0.38,-0.4,1.56
20240812,0.12,-0.61,1.31
20240813,0.14,-0.55,1.92
20240814,0.02,-0.39,1.68
20240815,0.07,-0.36,1.63
20240816,0.08,-0.22,2.17
20240817,0.18,-0.37,2.1
20240818,0.27,-0.28,2.29
20240819,0.24,-0.31,2.53
20240820,0.06,-0.56,1.68
20240821,0.11,-0.53,1.76
20240822,0.22,-0.65,1.8
20240823,0.14,-0.35,1.86
20240824,0.14,-0.38,1.97
20240825,0.07,-0.38,2.06
20240826,0.17,-0.44,2.1
20240827,0.15,-0.59,1.69
20240828,0.21,-0.7,1.56
20240829,0.1,-0.62,1.76
20240830,0.12,-0.62,2.49
20240831,0.33,-0.6,1.62
20240901,0.3,-0.76,1.54
20240902,0.06,-0.42,2.12
20240903,0.08,-0.44,1.95
20240904,0.15,-0.57,2.28
20240905,0.25,-0.55,2.49
20240906,0.23,-0.58,2.45
20240907,0.1,-0.52,1.92
20240908,0.11,-0.42,1.91
20240909,0.05,-0.41,2.24
20240910,0.24,-0.44,2.0
20240911,0.15,-0.53,2.26
20240912,0.03,-0.58,2.09
20240913,0.11,-0.58,2.07
20240914,0.14,-0.66,2.0
20240915,-0.1,-0.45,2.29
20240916,0.09,-0.35,2.16
20240917,0.07,-0.59,1.92
20240918,0.21,-0.26,2.4
20240919,-0.06,-0.58,1.98
20240920,0.12,-0.42,2.5
20240921,0.15,-0.43,1.96
20240922,0.12,-0.38,2.22
20240923,0.43,-0.46,2.3
20240924,0.12,-0.51,2.15
20240926,0.32,-0.55,2.39
20240927,0.17,-0.45,2.2
20240928,0.1,-0.48,2.1
20240929,0.05,-0.42,2.18
20240930,-0.03,-0.49,2.16
20241001,0.18,-0.52,2.67
20241002,0.24,-0.38,2.4
20241003,0.27,-0.43,2.1
20241004,0.03,-0.51,1.62
20241005,0.08,-0.37,2.35
20241006,-0.13,-0.46,1.84
20241007,0.25,-0.5,1.77
20241008,-0.05,-0.63,2.17
20241009,0.17,-0.31,2.27
20241010,0.17,-0.59,2.14
20241011,0.17,-0.42,2.39
20241012,0.05,-0.56,2.22
20241013,0.11,-0.57,2.28
20241014,0.38,-0.4,2.18
20241015,0.27,-0.62,2.66
20241016,0.22,-0.45,2.13
20241017,0.21,-0.57,2.83
20241018,0.29,-0.5,2.53
20241019,0.37,-0.61,3.05
20241020,0.3,-0.51,2.8
20241021,0.26,-0.56,2.59
20241022,0.21,-0.51,2.72
20241023,0.25,-0.52,2.87
20241024,0.23,-0.67,2.8
20241025,0.27,-0.5,2.93
20241026,0.35,-0.56,2.86
20241027,0.26,-0.52,2.67
20241028,0.11,-0.55,2.42
20241029,-0.05,-0.53,2.35
20241030,0.36,-0.8,2.13
20241031,0.26,-0.6,2.3
20241101,0.2,-0.57,3.13
20241102,0.23,-0.59,2.55
20241103,0.24,-0.55,2.64
20241104,0.19,-0.43,2.79
20241105,0.25,-0.49,3.14
20241106,0.27,-0.44,2.21
20241107,0.23,-0.74,2.62
20241108,0.22,-0.61,2.57
20241109,0.48,-0.72,3.02
20241110,0.13,-0.53,2.9
20241111,0.27,-0.57,2.49
20241112,0.33,-0.58,2.58
20241113,0.43,-0.66,2.55
20241114,0.41,-0.83,2.37
20241115,0.27,-0.68,2.4
20241116,0.35,-0.59,2.71
20241117,0.32,-0.69,2.79
20241118,0.37,-0.67,2.56
20241119,0.3,-0.64,2.54
20241120,0.48,-0.73,2.45
20241121,0.35,-0.65,2.57
20241122,0.35,-0.46,1.88
20241123,0.45,-0.42,2.32
20241124,0.37,-0.28,2.14
20241125,0.29,-0.21,1.73
20241126,0.44,-0.55,2.6
20241127,0.45,-0.67,2.24
20241128,0.21,-0.6,2.66
20241129,0.16,-0.49,2.41
20241130,0.27,-0.59,1.98
20241201,0.32,-0.68,2.13
20241202,0.25,-0.47,2.83
20241203,0.52,-0.6,2.47
20241204,0.37,-0.5,2.84
20241205,0.3,-0.17,2.69
20241206,0.28,-0.42,1.78
20241207,0.29,-0.57,2.47
20241208,0.47,-0.72,2.59
20241209,0.42,-0.39,2.41
20241212,0.45,-0.48,3.62
20241213,0.32,-0.48,2.46
20241214,0.4,-0.41,2.93
20241215,0.21,-0.4,3.06
20241216,0.49,-0.61,3.48
20241217,0.42,-0.55,3.13
20241218,0.26,-0.37,2.33
20241219,0.44,-0.37,2.74
20241220,0.33,-0.35,2.73
20241221,0.36,-0.55,2.95
20241222,0.52,-0.46,3.19
20241223,0.33,-0.46,2.91
20241224,0.46,-0.35,2.96
20241225,0.12,-0.41,2.5
20241226,0.53,-0.51,3.59
20241227,0.33,-0.3,2.66
20241228,0.44,-0.49,2.77
20241229,0.5,-0.44,3.07
20241230,0.54,-0.34,3.49